model,params,train_seconds,infer_seconds,infer_samples_per_sec
NaiveBayes,,9.911045789718628,2.2048542499542236,2267.723592207425
TextCNN,2757377.0,12.625586986541748,0.20018887519836426,24976.412875318732
BiGRU,2758401.0,11.754089832305908,0.23657894134521484,21134.594531404317
Transformer,2825089.0,48.137675285339355,0.5922842025756836,8441.89323006819
