model,params,train_seconds,infer_seconds,infer_samples_per_sec
NaiveBayes,,0.2735595703125,0.0599973201751709,11667.187766991063
TextCNN,1750702.0,2.6003098487854004,0.05699753761291504,12281.232300838685
Transformer,1806894.0,2.5294601917266846,0.1289997100830078,5426.36878446912
BiGRU,1829166.0,3.743894100189209,0.09551501274108887,7328.6908509082195
