model,params,train_seconds,infer_seconds_beam,infer_sents_per_sec_beam,infer_seconds_greedy,infer_sents_per_sec_greedy
Seq2Seq+Attention,10112433,1279.1977908611298,248.76103019714355,12.863751197138853,54.56635284423828,58.64419799385385
Transformer,9700849,3013.97575712204,795.2555911540985,4.023863567379721,190.13211107254028,16.830402723394354
