model,decode_method,BLEU-1,BLEU-2,BLEU-4,infer_seconds,sentences_per_sec
Seq2Seq+Attention,beam,0.6688567183602385,0.5279114956618244,0.34947008145176345,208.1972804069519,15.370037465163493
Seq2Seq+Attention,greedy,0.6584131696663681,0.5128312214072039,0.33346752201019847,51.24586844444275,62.444058362855536
Transformer,beam,0.6261752309295683,0.48385420493264614,0.3181384444297363,1059.454025030136,3.0204236563346636
Transformer,greedy,0.62051206224724,0.47068184801094504,0.30042029097601414,279.87562322616577,11.4336502876283
