model,decode_method,BLEU-1,BLEU-2,BLEU-4,infer_seconds,sentences_per_sec
Seq2Seq+Attention,beam,0.672740289689731,0.5314169235378355,0.3499687688970351,248.76103019714355,12.863751197138853
Seq2Seq+Attention,greedy,0.6597239749070845,0.5136293543276462,0.3314353831876304,54.56635284423828,58.64419799385385
Transformer,beam,0.6365886129401952,0.49669887888789443,0.33069872246469867,795.2555911540985,4.023863567379721
Transformer,greedy,0.6362236137705278,0.48611565128150297,0.31114400461676395,190.13211107254028,16.830402723394354
