model,params,train_seconds,infer_seconds_beam,infer_sents_per_sec_beam,infer_seconds_greedy,infer_sents_per_sec_greedy
Seq2Seq+Attention,10112433,1310.3441874980927,208.1972804069519,15.370037465163493,51.24586844444275,62.444058362855536
Transformer,9700849,4244.114128828049,1059.454025030136,3.0204236563346636,279.87562322616577,11.4336502876283
