model,params,train_seconds,infer_seconds_beam,infer_sents_per_sec_beam,infer_seconds_greedy,infer_sents_per_sec_greedy
Seq2Seq+Attention,10112433,1336.358204126358,270.56442499160767,11.827127679846518,62.050861835479736,51.57059717372513
CNNBiGRU,10831473,1789.2508807182312,265.6822319030762,12.04446370793586,66.75050711631775,47.93971069648596
Transformer,9700849,3079.5044243335724,738.5583679676056,4.33276520690692,169.38631868362427,18.891726468044233
