model,params,train_seconds,infer_seconds,infer_samples_per_sec
NaiveBayes,,1.7764341831207275,0.41048407554626465,3654.222147360595
TextCNN,1733377.0,1.6953318119049072,0.09450888633728027,15871.523389312284
Transformer,1801089.0,2.485006093978882,0.24081134796142578,6228.942334728663
BiGRU,1734401.0,1.040518045425415,0.09499740600585938,15789.904830743284
