model,accuracy,precision,recall,f1,params,train_seconds,infer_seconds,infer_samples_per_sec,best_val_f1,best_epoch,trained_epochs
NaiveBayes,0.863,0.8701456310679612,0.8552683896620278,0.8626428714658111,,5.749781370162964,1.4244742393493652,3510.066986036737,,,
TextCNN,0.8384,0.8093512142080463,0.8878727634194831,0.8467956010618126,2757377.0,12.21250057220459,0.12276744842529297,40727.4083165671,0.8421875,12.0,12.0
BiGRU,0.8248,0.7961691362486447,0.8759443339960239,0.8341537296478606,2758401.0,9.339592218399048,0.1767725944519043,28284.927397840413,0.8366412213740458,4.0,8.0
Transformer,0.7876,0.7854616895874263,0.794831013916501,0.7901185770750988,2825089.0,31.247382879257202,0.4054255485534668,12332.720564453053,0.796734693877551,4.0,8.0
