model,params,train_seconds,infer_seconds,infer_samples_per_sec
NaiveBayes,,5.749781370162964,1.4244742393493652,3510.066986036737
TextCNN,2757377.0,12.21250057220459,0.12276744842529297,40727.4083165671
BiGRU,2758401.0,9.339592218399048,0.1767725944519043,28284.927397840413
Transformer,2825089.0,31.247382879257202,0.4054255485534668,12332.720564453053
