model,params,train_seconds,infer_seconds,infer_samples_per_sec
TextCNN,2774702.0,22.499714136123657,0.15005779266357422,14967.56656307397
NaiveBayes,,0.3555409908294678,0.10149788856506348,22128.53914256788
BiGRU,2853166.0,352.66219687461853,2.4670279026031494,910.4072141340898
Transformer,2830894.0,131.04477906227112,0.49199914932250977,4565.048543463491
