model,accuracy,f1_macro,f1_weighted,params,train_seconds,infer_seconds,infer_samples_per_sec,best_val_f1_macro,best_epoch,trained_epochs
NaiveBayes,0.786286731967943,0.5584405514717821,0.7834468330812612,,0.36669301986694336,0.0971229076385498,23125.337313403525,,,
TextCNN,0.804986642920748,0.542526663483577,0.7899358505540905,2774702.0,18.195969343185425,0.15327000617980957,14653.878185175334,0.5057064127902984,8.0,12.0
BiGRU,0.7978628673196795,0.5423197644201977,0.792251643050204,2853166.0,440.2131292819977,2.4322361946105957,923.4300537820866,0.49559034154343584,14.0,15.0
Transformer,0.7960819234194123,0.48455123155287294,0.7859642046531333,2830894.0,131.21523809432983,0.49985480308532715,4493.304827995419,0.5031089645629667,11.0,15.0
