model,params,train_seconds,infer_seconds,infer_samples_per_sec
TextCNN,2774702.0,23.363832235336304,0.2488420009613037,9025.807505660048
NaiveBayes,,0.3674330711364746,0.10611891746520996,21164.935090261628
BiGRU,2853166.0,449.86282896995544,2.8654799461364746,783.8128488835808
Transformer,2830894.0,133.5927538871765,0.48618412017822266,4619.6490316809895
CNNBiGRU,2917166.0,421.48181200027466,2.9699978828430176,756.2294953052378
