model,params,train_seconds,infer_seconds,infer_samples_per_sec
TextCNN,2774702.0,23.903754949569702,0.1585068702697754,14169.732808283672
NaiveBayes,,0.3550999164581299,0.0963280200958252,23316.164889153995
Transformer,2830894.0,132.11774277687073,0.4787912368774414,4690.979756955994
BiGRU,2853166.0,412.748690366745,2.5354669094085693,885.8328979430099
