model,params,train_seconds,infer_seconds,infer_samples_per_sec
TextCNN,2774702.0,11.958900928497314,0.06763172149658203,33209.26852517732
NaiveBayes,,0.5364248752593994,0.187697172164917,11966.083314385736
BiGRU,2853166.0,42.630324602127075,0.23019838333129883,9756.801796334004
Transformer,2830894.0,49.91861152648926,0.22783756256103516,9857.900403926247
