model,params,train_seconds,infer_seconds,infer_samples_per_sec
Transformer,2830894.0,131.16328930854797,0.4900071620941162,4583.606473018466
NaiveBayes,,0.3539309501647949,0.09048604965209961,24821.50573083267
TextCNN,2774702.0,16.74074101448059,0.14501094818115234,15488.485718983262
BiGRU,2853166.0,383.3826472759247,2.616503953933716,858.3973269458694
