model,accuracy,f1_macro,f1_weighted,params,train_seconds,infer_seconds,infer_samples_per_sec,best_val_f1_macro,best_epoch,trained_epochs
TextCNN,0.8138913624220837,0.6006305747786258,0.8076613382084235,2774702.0,23.903754949569702,0.1585068702697754,14169.732808283672,0.5520454995098693,14.0,15.0
NaiveBayes,0.786286731967943,0.5584405514717821,0.7834468330812612,,0.3550999164581299,0.0963280200958252,23316.164889153995,,,
Transformer,0.802760463045414,0.5139710696255456,0.791694429857912,2830894.0,132.11774277687073,0.4787912368774414,4690.979756955994,0.5204417623594668,13.0,15.0
BiGRU,0.790293855743544,0.5077357146174124,0.786127103655002,2853166.0,412.748690366745,2.5354669094085693,885.8328979430099,0.48651554543449355,10.0,14.0
