model,params,train_seconds,infer_seconds,infer_samples_per_sec
NaiveBayes,,0.36669301986694336,0.0971229076385498,23125.337313403525
TextCNN,2774702.0,18.195969343185425,0.15327000617980957,14653.878185175334
BiGRU,2853166.0,440.2131292819977,2.4322361946105957,923.4300537820866
Transformer,2830894.0,131.21523809432983,0.49985480308532715,4493.304827995419
