,precision,recall,f1-score,support
0,0.7692307692307693,0.7692307692307693,0.7692307692307693,13.0
1,0.8130841121495327,0.8055555555555556,0.8093023255813954,108.0
2,0.68,0.8947368421052632,0.7727272727272727,19.0
3,0.8985507246376812,0.9358490566037736,0.9168207024029574,795.0
4,0.8565310492505354,0.8247422680412371,0.8403361344537815,485.0
5,0.4,0.5,0.4444444444444444,4.0
6,0.9230769230769231,1.0,0.96,12.0
7,1.0,0.5,0.6666666666666666,4.0
8,0.5365853658536586,0.6111111111111112,0.5714285714285714,36.0
9,0.7931034482758621,0.92,0.8518518518518519,25.0
10,0.9354838709677419,0.9354838709677419,0.9354838709677419,31.0
11,0.7326732673267327,0.7789473684210526,0.7551020408163265,95.0
12,0.8,0.6666666666666666,0.7272727272727273,12.0
13,0.6428571428571429,0.42857142857142855,0.5142857142857142,42.0
14,0.2857142857142857,0.3333333333333333,0.3076923076923077,6.0
15,0.0,0.0,0.0,6.0
16,0.6412213740458015,0.7706422018348624,0.7,109.0
17,0.38461538461538464,0.5,0.43478260869565216,10.0
18,0.75,0.5294117647058824,0.6206896551724138,17.0
19,0.6691176470588235,0.6642335766423357,0.6666666666666666,137.0
20,0.5740740740740741,0.45588235294117646,0.5081967213114754,68.0
21,0.6666666666666666,0.88,0.7586206896551724,25.0
22,0.0,0.0,0.0,4.0
23,0.3125,0.45454545454545453,0.37037037037037035,11.0
24,0.7777777777777778,0.4375,0.56,16.0
25,0.8148148148148148,0.88,0.8461538461538461,25.0
26,1.0,0.5,0.6666666666666666,6.0
27,0.5,0.25,0.3333333333333333,4.0
28,0.4117647058823529,0.5833333333333334,0.4827586206896552,12.0
29,1.0,0.2,0.3333333333333333,5.0
30,0.625,0.9090909090909091,0.7407407407407407,11.0
31,0.6,0.3,0.4,10.0
32,0.75,0.75,0.75,8.0
33,0.5,0.3333333333333333,0.4,3.0
34,0.7142857142857143,0.45454545454545453,0.5555555555555556,11.0
35,0.0,0.0,0.0,3.0
36,1.0,0.25,0.4,12.0
37,1.0,0.5,0.6666666666666666,4.0
38,1.0,0.5,0.6666666666666666,4.0
39,0.14285714285714285,0.16666666666666666,0.15384615384615385,6.0
40,0.375,0.6666666666666666,0.48,9.0
41,0.2,0.125,0.15384615384615385,8.0
42,0.0,0.0,0.0,3.0
43,0.75,0.6,0.6666666666666666,5.0
44,1.0,1.0,1.0,3.0
45,0.6666666666666666,0.5,0.5714285714285714,4.0
accuracy,0.7951914514692787,0.7951914514692787,0.7951914514692787,0.7951914514692787
macro avg,0.628114194088828,0.5448930431503046,0.5593398932019193,2246.0
weighted avg,0.7946459689602655,0.7951914514692787,0.7893964962683231,2246.0
