model,accuracy,f1_macro,f1_weighted,params,train_seconds,infer_seconds,infer_samples_per_sec,best_val_f1_macro,best_epoch,trained_epochs
TextCNN,0.8121104185218165,0.605049927785666,0.8038143519106284,2774702.0,11.958900928497314,0.06763172149658203,33209.26852517732,0.5808861069404208,14.0,15.0
NaiveBayes,0.786286731967943,0.5584405514717821,0.7834468330812612,,0.5364248752593994,0.187697172164917,11966.083314385736,,,
BiGRU,0.7934105075690115,0.488098263884102,0.7892598927707748,2853166.0,42.630324602127075,0.23019838333129883,9756.801796334004,0.49298210962255357,11.0,15.0
Transformer,0.8014247551202137,0.48153450008032583,0.7926601640697407,2830894.0,49.91861152648926,0.22783756256103516,9857.900403926247,0.4601633188916217,12.0,15.0
