model,params,train_seconds,infer_seconds,infer_samples_per_sec
TextCNN,2774702.0,12.501976251602173,0.10493659973144531,21403.399821873238
NaiveBayes,,0.8165323734283447,0.19886445999145508,11294.124652019307
BiGRU,2853166.0,69.89412593841553,0.20730376243591309,10834.342674770987
Transformer,2830894.0,50.317182779312134,0.28629112243652344,7845.161180287677
