model,BLEU-1,BLEU-2,BLEU-4,BLEU-1-greedy,BLEU-2-greedy,BLEU-4-greedy,best_val_BLEU-4,best_epoch,trained_epochs,train_seconds,infer_seconds_beam,infer_sents_per_sec_beam,infer_seconds_greedy,infer_sents_per_sec_greedy,params
Seq2Seq+Attention,0.6658207188314976,0.5266564980420522,0.3512734037701061,0.6547623999785368,0.509510957722034,0.3312400952492758,0.3604134609208724,10,15,982.1596994400024,151.248517036438,21.15723223407918,35.73750901222229,89.54177525091619,10112433
Transformer,0.6267708014336149,0.48172501682025426,0.31343521500949517,0.6264483396341879,0.4739687914252476,0.2994146215770675,0.33092493102417625,17,20,1773.5185678005219,391.92892694473267,8.164745646475959,95.12801313400269,33.63888190844793,9700849
CNNBiGRU,0.6454255477381187,0.4949445170994768,0.3118977875303645,0.6386781545267006,0.4852204519357829,0.3002657948688854,0.347076408906209,15,20,1421.2342865467072,168.26744484901428,19.017344697135844,45.87851595878601,69.74942264642239,10831473
