model,BLEU-1,BLEU-2,BLEU-4,BLEU-1-greedy,BLEU-2-greedy,BLEU-4-greedy,best_val_BLEU-4,best_epoch,trained_epochs,train_seconds,infer_seconds_beam,infer_sents_per_sec_beam,infer_seconds_greedy,infer_sents_per_sec_greedy,params
Seq2Seq+Attention,0.6743594626487093,0.5335257592068229,0.35861572194733277,0.6654417614911384,0.520269233980887,0.34321475078288144,0.37232131424784404,19,20,1765.5494945049286,205.12754917144775,15.600049885670922,50.63498592376709,63.19741067604369,10046649
Transformer,0.6259006624292965,0.47935778814375535,0.31327540447244534,0.6238460068560504,0.47113004594849917,0.300992257313435,0.33617274634521876,15,20,4262.803720235825,1056.3812761306763,3.029209313251927,281.93542742729187,11.350116688777064,9651385
