model,params,train_seconds,infer_seconds_beam,infer_sents_per_sec_beam,infer_seconds_greedy,infer_sents_per_sec_greedy
Seq2Seq+Attention,10046649,1765.5494945049286,205.12754917144775,15.600049885670922,50.63498592376709,63.19741067604369
Transformer,9651385,4262.803720235825,1056.3812761306763,3.029209313251927,281.93542742729187,11.350116688777064
