model,params,train_seconds,infer_seconds_beam,infer_sents_per_sec_beam,infer_seconds_greedy,infer_sents_per_sec_greedy
Transformer,3015428,105.90835547447205,146.32656383514404,4.78382039223337,42.98301601409912,16.28550215672136
Seq2Seq+Attention,3237380,42.34464955329895,31.958296060562134,21.9035457545507,8.038277387619019,87.08333468041015
