param,importance
lr,0.5311821117163779
embedding_dim,0.12877629319889372
num_layers,0.10632215890656539
ff_dim,0.08078461584808619
num_heads,0.06529598409812723
weight_decay,0.05999381163872044
batch_size,0.019538979468968615
dropout,0.008106045124260603
