model,decode_method,BLEU-1,BLEU-2,BLEU-4,infer_seconds,sentences_per_sec
Seq2Seq+Attention,beam,0.6688567183602385,0.5279114956618244,0.34947008145176345,120.98466229438782,26.44963369169515
Seq2Seq+Attention,greedy,0.6584131696663681,0.5128312214072039,0.33346752201019847,31.86400580406189,100.42679566647824
Transformer,beam,0.6261752309295683,0.48385420493264614,0.3181384444297363,1045.1381649971008,3.0617961406173286
Transformer,greedy,0.62051206224724,0.47068184801094504,0.30042029097601414,290.28139305114746,11.023786148897809
