model,params,train_seconds,infer_seconds_beam,infer_sents_per_sec_beam,infer_seconds_greedy,infer_sents_per_sec_greedy
Seq2Seq+Attention,10112433,803.2239255905151,120.98466229438782,26.44963369169515,31.86400580406189,100.42679566647824
Transformer,9700849,4073.2651302814484,1045.1381649971008,3.0617961406173286,290.28139305114746,11.023786148897809
