model,BLEU-1,BLEU-2,BLEU-4,BLEU-1-greedy,BLEU-2-greedy,BLEU-4-greedy,best_val_BLEU-4,best_epoch,trained_epochs,train_seconds,infer_seconds_beam,infer_sents_per_sec_beam,infer_seconds_greedy,infer_sents_per_sec_greedy,params
Seq2Seq+Attention,0.6688567183602385,0.5279114956618244,0.34947008145176345,0.6584131696663681,0.5128312214072039,0.33346752201019847,0.37122261080925023,10,15,803.2239255905151,120.98466229438782,26.44963369169515,31.86400580406189,100.42679566647824,10112433
Transformer,0.6261752309295683,0.48385420493264614,0.3181384444297363,0.62051206224724,0.47068184801094504,0.30042029097601414,0.3325907485756209,18,20,4073.2651302814484,1045.1381649971008,3.0617961406173286,290.28139305114746,11.023786148897809,9700849
