param,importance
embedding_dim,0.4008924468123493
lr,0.23671271184166257
weight_decay,0.10318731585431598
dropout,0.08242614015391983
label_smoothing,0.07525643586234598
num_heads,0.06203806431546489
num_layers,0.028240892963537642
ff_dim,0.011245992196403782
