model,params,train_seconds,infer_seconds,infer_samples_per_sec
TextCNN,2774702.0,12.41177248954773,0.07399749755859375,30352.377770904215
NaiveBayes,,0.5597696304321289,0.15000200271606445,14973.133420434424
BiGRU,2853166.0,43.787551164627075,0.22121644020080566,10152.952456703622
Transformer,2830894.0,49.97656750679016,0.19025778770446777,11805.035825859431
