model,params,train_seconds,infer_seconds,infer_samples_per_sec
NaiveBayes,,8.824057340621948,2.2423160076141357,2229.8373570102144
TextCNN,2757377.0,16.70173215866089,0.2195885181427002,22769.860839220823
BiGRU,2758401.0,10.148689031600952,0.23862504959106445,20953.374377788834
Transformer,2825089.0,41.86897087097168,0.560884952545166,8914.484115345149
