param,importance
weight_decay,0.29774643014160856
embedding_dim,0.18812951707332534
loss,0.16299136253180793
lr,0.13390473898572505
num_heads,0.08053918130184895
batch_size,0.04247643783354061
dropout,0.041280293207736324
num_layers,0.03407806610030007
ff_dim,0.018853972824106988
