model,params,train_seconds,infer_seconds,infer_samples_per_sec
NaiveBayes,,3.893712043762207,1.1363117694854736,4400.200837719052
CNNBiGRU,2807937.0,295.379052400589,5.218069076538086,958.2088559312896
TextCNN,2757377.0,23.167986154556274,0.2744278907775879,18219.72244086621
BiGRU,2758401.0,275.53828740119934,4.552059888839722,1098.4038264211972
Transformer,2825089.0,128.68665409088135,1.018354892730713,4909.879685060017
