model,accuracy,precision,recall,f1,params,train_seconds,infer_seconds,infer_samples_per_sec,best_val_f1,best_epoch,trained_epochs
NaiveBayes,0.863,0.8701456310679612,0.8552683896620278,0.8626428714658111,,5.0413498878479,1.397038221359253,3579.0001472796025,,,
TextCNN,0.8384,0.8093512142080463,0.8878727634194831,0.8467956010618126,2757377.0,12.412912130355835,0.13060259819030762,38284.07757029648,0.8421875,12.0,12.0
BiGRU,0.8248,0.7961691362486447,0.8759443339960239,0.8341537296478606,2758401.0,9.507665395736694,0.20171141624450684,24787.888028802456,0.8366412213740458,4.0,8.0
Transformer,0.7876,0.7854616895874263,0.794831013916501,0.7901185770750988,2825089.0,34.861204385757446,0.42762255668640137,11692.554384278585,0.796734693877551,4.0,8.0
