model,params,train_seconds,infer_seconds,infer_samples_per_sec
NaiveBayes,,5.0413498878479,1.397038221359253,3579.0001472796025
TextCNN,2757377.0,12.412912130355835,0.13060259819030762,38284.07757029648
BiGRU,2758401.0,9.507665395736694,0.20171141624450684,24787.888028802456
Transformer,2825089.0,34.861204385757446,0.42762255668640137,11692.554384278585
