model,accuracy,precision,recall,f1,params,train_seconds,infer_seconds,infer_samples_per_sec,best_val_f1,best_epoch,trained_epochs
NaiveBayes,0.863,0.8701456310679612,0.8552683896620278,0.8626428714658111,,2.7746779918670654,0.6917119026184082,7228.442912537699,,,
TextCNN,0.8406,0.8273628048780488,0.863220675944334,0.8449114613738081,2757377.0,20.864710330963135,0.24782896041870117,20175.204671611493,0.8506493506493507,11.0,12.0
CNNBiGRU,0.8334,0.8023005032350827,0.8874751491053678,0.8427411742495753,2807937.0,386.98537254333496,4.94084095954895,1011.9734759599407,0.85423197492163,10.0,12.0
BiGRU,0.828,0.8254030672434133,0.8345924453280318,0.8299723210755239,2758401.0,291.7286832332611,4.424202919006348,1130.1470776848937,0.8430278884462151,6.0,10.0
Transformer,0.8042,0.7786647314949202,0.8532803180914513,0.8142667425535951,2825089.0,116.83987927436829,0.883965253829956,5656.330922891484,0.8146417445482866,8.0,12.0
