model,accuracy,precision,recall,f1,params,train_seconds,infer_seconds,infer_samples_per_sec,best_val_f1,best_epoch,trained_epochs
NaiveBayes,0.8524,0.8610321007720438,0.8425447316103379,0.8516881028938906,,1.3908991813659668,0.6967067718505859,7176.620354527411,,,
TextCNN,0.8238,0.8156877897990726,0.8393638170974155,0.8273564569860866,2757377.0,10.595434188842773,0.24672389030456543,20265.568907120458,0.8229508196721311,12.0,12.0
CNNBiGRU,0.8074,0.8214581607290804,0.7884691848906561,0.8046256847230676,2807937.0,159.35185861587524,4.907109022140503,1018.9298785579003,0.8434925864909391,6.0,10.0
BiGRU,0.7964,0.8009650180940893,0.7920477137176939,0.7964814074370252,2758401.0,160.34298419952393,4.435362100601196,1127.303675910084,0.7960848287112561,7.0,11.0
Transformer,0.7742,0.7856553998351196,0.7578528827037774,0.7715037441813398,2825089.0,58.61244225502014,0.9130282402038574,5476.281871504456,0.7830342577487766,12.0,12.0
